cohort,setting,intended_images,load_failure,multiple_faces,one_face,zero_faces,unprocessed_per_1000,detector_mean_ms,detector_p95_ms
BFW_development,SCRFD_baseline,256,0,1,254,1,7.8125,26.157693349887268,30.339833290781826
BFW_development,SCRFD_canvas_160,256,0,1,255,0,3.90625,9.494492038811586,12.887937249615788
BFW_development,SCRFD_canvas_640,256,0,0,2,254,992.1875,93.35370063809023,100.02527068718337
BFW_development,SCRFD_confidence_0.3,256,0,2,254,0,7.8125,25.98556279372133,29.597927234135568
BFW_development,SCRFD_confidence_0.7,256,0,0,253,3,11.71875,26.201847369520692,30.108187929727137
BFW_development,SCRFD_confidence_0.9,256,0,0,5,251,980.46875,25.96627046887079,30.352603789651766
BFW_development,SCRFD_repeat,256,0,1,254,1,7.8125,25.954551943414117,28.901427023811266
BFW_development,YuNet_baseline,256,0,0,246,10,39.0625,2.4979995141620748,6.391292001353577
BFW_development,YuNet_canvas_320,256,0,1,254,1,7.8125,5.003599274004955,5.487218499183655
BFW_development,YuNet_canvas_640,256,0,0,81,175,683.59375,19.861334483266546,21.445666992804036
BFW_development,YuNet_confidence_0.7,256,0,0,256,0,0.0,2.5122115880549245,6.175885035190731
BFW_development,YuNet_confidence_0.8,256,0,0,256,0,0.0,2.4981811525321973,6.089802511269227
BFW_development,YuNet_confidence_0.95,256,0,0,6,250,976.5625,2.493537928785372,6.420843972591683
BFW_development,YuNet_repeat,256,0,0,246,10,39.0625,2.530933778416511,6.622156215598807
BFW_test,SCRFD_baseline,256,0,0,256,0,0.0,25.495145345303172,28.461260721087456
BFW_test,SCRFD_canvas_160,256,0,0,256,0,0.0,8.840403997510293,11.06083334889263
BFW_test,SCRFD_canvas_640,256,0,0,14,242,945.3125,91.96423636694817,98.72394800186157
BFW_test,SCRFD_confidence_0.3,256,0,2,254,0,7.8125,25.484745298399503,29.373781522735953
BFW_test,SCRFD_confidence_0.7,256,0,0,250,6,23.4375,25.31976187856344,28.66794800502248
BFW_test,SCRFD_confidence_0.9,256,0,0,2,254,992.1875,25.38525032605321,28.656354261329398
BFW_test,SCRFD_repeat,256,0,0,256,0,0.0,25.607314786611823,28.949020750587806
BFW_test,YuNet_baseline,256,0,0,246,10,39.0625,2.5007913027366158,6.199395429575816
BFW_test,YuNet_canvas_320,256,0,0,253,3,11.71875,5.055169926890812,5.687697732355446
BFW_test,YuNet_canvas_640,256,0,0,103,153,597.65625,19.635893902432144,21.007031202316284
BFW_test,YuNet_confidence_0.7,256,0,0,256,0,0.0,2.500560234693694,6.22915624990128
BFW_test,YuNet_confidence_0.8,256,0,0,255,1,3.90625,2.4843337951097055,5.869374697795138
BFW_test,YuNet_confidence_0.95,256,0,0,12,244,953.125,2.5209686168636836,6.512469291919842
BFW_test,YuNet_repeat,256,0,0,246,10,39.0625,2.5107488195317273,5.876552284462377
CPLFW_raw,SCRFD_baseline,256,0,20,235,1,82.03125,25.897806285684055,30.595499993069097
CPLFW_raw,SCRFD_canvas_160,256,0,19,235,2,82.03125,9.301377303017944,12.249728490132838
CPLFW_raw,SCRFD_canvas_640,256,0,20,232,4,93.75,93.27774857956683,106.81004173238762
CPLFW_raw,SCRFD_confidence_0.3,256,0,31,224,1,125.0,26.935664249322144,30.697427020641044
CPLFW_raw,SCRFD_confidence_0.7,256,0,6,192,58,250.0,25.8709313120562,31.67603150359355
CPLFW_raw,SCRFD_confidence_0.9,256,0,0,0,256,1000.0,26.615977576966543,31.475479481741786
CPLFW_raw,SCRFD_repeat,256,0,20,235,1,82.03125,25.87426871605203,29.923510301159695
CPLFW_raw,YuNet_baseline,256,0,2,184,70,281.25,3.2921557540248614,3.675426938571036
CPLFW_raw,YuNet_canvas_320,256,0,3,205,48,199.21875,5.1128672075719805,5.554385745199397
CPLFW_raw,YuNet_canvas_640,256,0,4,184,68,281.25,19.59445834154394,21.467666752869263
CPLFW_raw,YuNet_confidence_0.7,256,0,15,235,6,82.03125,3.279241696873214,3.5971975012216717
CPLFW_raw,YuNet_confidence_0.8,256,0,8,239,9,66.40625,3.3232946093448845,3.6404060083441436
CPLFW_raw,YuNet_confidence_0.95,256,0,0,1,255,996.09375,3.250702613968315,3.6397497460711747
CPLFW_raw,YuNet_repeat,256,0,2,184,70,281.25,3.2466490879414778,3.5973020712845027
LFW_development,SCRFD_baseline,256,0,53,203,0,207.03125,25.433829898247495,27.65686475322582
LFW_development,SCRFD_canvas_160,256,0,50,206,0,195.3125,8.99554032321248,10.935896163573489
LFW_development,SCRFD_canvas_640,256,0,51,202,3,210.9375,91.27138332814866,93.32740624086
LFW_development,SCRFD_confidence_0.3,256,0,63,193,0,246.09375,25.12100295371056,26.952968473779038
LFW_development,SCRFD_confidence_0.7,256,0,27,226,3,117.1875,25.43174221409572,27.50046903383918
LFW_development,SCRFD_confidence_0.9,256,0,0,0,256,1000.0,25.082184563416376,26.85305173508823
LFW_development,SCRFD_repeat,256,0,53,203,0,207.03125,25.33195799242094,27.55673904903233
LFW_development,YuNet_baseline,256,0,14,242,0,54.6875,3.2123852861332125,3.560427256161347
LFW_development,YuNet_canvas_320,256,0,15,241,0,58.59375,4.953903458499553,5.4045626893639565
LFW_development,YuNet_canvas_640,256,0,24,232,0,93.75,19.375585585294175,20.297228737035766
LFW_development,YuNet_confidence_0.7,256,0,46,210,0,179.6875,3.220003395654203,3.5591772175394
LFW_development,YuNet_confidence_0.8,256,0,37,219,0,144.53125,3.242471359499177,3.605448204325512
LFW_development,YuNet_confidence_0.95,256,0,0,2,254,992.1875,3.2076163706733496,3.509406262310222
LFW_development,YuNet_repeat,256,0,14,242,0,54.6875,3.2165561306101154,3.566968778613955
